Type,Name,Request Count,Failure Count,Median Response Time,Average Response Time,Min Response Time,Max Response Time,Average Content Size,Requests/s,Failures/s,50%,66%,75%,80%,90%,95%,98%,99%,99.9%,99.99%,100%
POST,/api/v1/generate,725,0,50,55.489603131106286,42.902893997961655,495.9677239967277,95.0,2.420219205165232,0.0,50,54,61,64,67,70,77,87,500,500,500
GET,/api/v1/models,243,0,50,56.07913647705992,41.644537006504834,468.0838619970018,92.0,0.811190712903657,0.0,50,55,61,64,68,71,89,97,470,470,470
GET,/health,468,0,52,60.9871738633023,42.097882003872655,707.5993570033461,156.0,1.5622932248514876,0.0,52,61,64,66,71,80,110,250,710,710,710
,Aggregated,1436,0,50,57.38105139415257,41.644537006504834,707.5993570033461,114.37256267409471,4.793703142920377,0.0,50,56,63,65,68,72,86,110,580,710,710
