Type,Name,Request Count,Failure Count,Median Response Time,Average Response Time,Min Response Time,Max Response Time,Average Content Size,Requests/s,Failures/s,50%,66%,75%,80%,90%,95%,98%,99%,99.9%,99.99%,100%
POST,/api/v1/generate,52,0,18000.0,17246.629172116416,2303.56328500784,23433.936116009136,338.90384615384613,0.43823554660958036,0.0,19000,20000,21000,21000,22000,23000,23000,23000,23000,23000,23000
GET,/api/v1/models,17,0,10,10.521765999489135,8.677109988639131,13.370629996643402,161.0,0.1432693133146705,0.0,10,12,12,12,12,13,13,13,13,13,13
GET,/health,29,0,5,5.001895068964021,3.907738995621912,8.102751002297737,156.0,0.24440059330149674,0.0,5,5,5,6,6,7,8,8,8,8,8
,Aggregated,98,0,6100.0,9154.577978867806,3.907738995621912,23433.936116009136,253.91836734693877,0.8259054532257476,0.0,7700,18000,19000,19000,21000,22000,23000,23000,23000,23000,23000
