Type,Name,Request Count,Failure Count,Median Response Time,Average Response Time,Min Response Time,Max Response Time,Average Content Size,Requests/s,Failures/s,50%,66%,75%,80%,90%,95%,98%,99%,99.9%,99.99%,100%
POST,/api/v1/generate,7249,0,46,53.82324542789447,38.8197990032495,1394.6472469979199,122.0,12.10135588735015,0.0,46,50,53,54,60,71,95,150,830,1400,1400
GET,/api/v1/models,2447,2447,47,54.37871787244665,38.92241999710677,1188.7572400009958,22.0,4.084979701523771,4.084979701523771,47,50,53,54,62,77,100,150,810,1200,1200
GET,/health,4749,0,47,53.84350675528849,38.33859999576816,1038.08783400018,61.0,7.927898897644622,0.0,47,50,53,54,62,76,100,160,680,1000,1000
,Aggregated,14445,2447,46,53.92400431440245,38.33859999576816,1394.6472469979199,85.00526133610246,24.114234486518544,4.084979701523771,46,50,53,54,61,73,97,160,800,1200,1400
