Type,Name,Request Count,Failure Count,Median Response Time,Average Response Time,Min Response Time,Max Response Time,Average Content Size,Requests/s,Failures/s,50%,66%,75%,80%,90%,95%,98%,99%,99.9%,99.99%,100%
POST,/api/v1/generate,7190,5973,53,62.64741854066467,41.91086901118979,1360.5162810126785,86.69262865090403,11.997203796854434,9.966522709125387,53,59,64,65,69,75,120,280,920,1400,1400
GET,/api/v1/models,2415,2033,55,64.02075695284034,43.28498599352315,2386.661484997603,86.10724637681159,4.029658855271691,3.3922552599450713,55,61,65,67,72,80,120,250,850,2400,2400
GET,/health,4848,0,54,64.48765496496898,41.11675599415321,1362.8687710006488,156.0,8.0893524349305,0.0,54,61,64,66,71,78,160,360,900,1400,1400
,Aggregated,14453,8006,54,63.494168589127376,41.11675599415321,2386.661484997603,109.84273161281395,24.116215087056624,13.358777969070458,54,60,64,66,70,77,130,290,900,1400,2400
