Type,Name,Request Count,Failure Count,Median Response Time,Average Response Time,Min Response Time,Max Response Time,Average Content Size,Requests/s,Failures/s,50%,66%,75%,80%,90%,95%,98%,99%,99.9%,99.99%,100%
POST,/api/v1/generate,30,7,21000.0,31695.36462869922,11388.882515995647,60017.267311995965,303.8333333333333,0.2574050223137532,0.06006117187320908,21000,23000,59000,60000,60000,60000,60000,60000,60000,60000,60000
GET,/api/v1/models,9,0,12,12.107948775842992,7.461368993972428,19.710511987796053,161.0,0.07722150669412596,0.0,12,12,14,14,20,20,20,20,20,20,20
GET,/health,15,0,5,5.498348731392373,4.203262011287734,10.109630005899817,156.0,0.1287025111568766,0.0,5,5,6,6,7,10,10,10,10,10,10
,Aggregated,54,7,12000.0,17612.081215387592,4.203262011287734,60017.267311995965,238.96296296296296,0.46332904016475573,0.06006117187320908,12000,20000,22000,23000,60000,60000,60000,60000,60000,60000,60000
