Type,Name,Request Count,Failure Count,Median Response Time,Average Response Time,Min Response Time,Max Response Time,Average Content Size,Requests/s,Failures/s,50%,66%,75%,80%,90%,95%,98%,99%,99.9%,99.99%,100%
POST,/api/v1/generate,7255,6568,52,60.34773473281588,41.86019700136967,1165.2418720041169,85.94693314955204,12.109843179499933,10.963121985245426,52,58,62,64,68,71,89,180,1000,1200,1200
GET,/api/v1/models,2452,2206,54,67.19827621341959,41.6514160024235,1275.161865996779,85.70228384991843,4.09280985198261,3.682193529149118,54,60,64,66,70,77,140,550,1100,1300,1300
GET,/health,4713,0,54,64.68927798098353,40.72967199317645,1182.9049769876292,156.0,7.86680784355385,0.0,54,60,64,65,72,84,150,380,990,1200,1200
,Aggregated,14420,8774,53,62.9315919477295,40.72967199317645,1275.161865996779,108.8013176144244,24.069460875036395,14.645315514394543,53,59,63,65,69,76,110,300,1000,1300,1300
