Type,Name,Request Count,Failure Count,Median Response Time,Average Response Time,Min Response Time,Max Response Time,Average Content Size,Requests/s,Failures/s,50%,66%,75%,80%,90%,95%,98%,99%,99.9%,99.99%,100%
POST,/api/v1/generate,752,0,48,56.157619845804376,39.35691200240399,1180.0265410020074,122.0,2.511002637596112,0.0,48,54,59,61,64,69,91,200,1200,1200,1200
GET,/api/v1/models,232,232,49,58.06894165503952,40.83110599822248,1084.3413370021153,22.0,0.7746710264924175,0.7746710264924175,49,55,58,60,64,67,84,200,1100,1100,1100
GET,/health,469,0,49,61.26190240498692,39.73688400219544,1173.4232140006498,61.0,1.5660375492454475,0.0,49,56,60,62,65,77,130,320,1200,1200,1200
,Aggregated,1453,232,49,58.11036257119954,39.35691200240399,1180.0265410020074,86.34342739160358,4.851711213333977,0.7746710264924175,49,55,59,61,65,70,100,240,1200,1200,1200
