Type,Name,Request Count,Failure Count,Median Response Time,Average Response Time,Min Response Time,Max Response Time,Average Content Size,Requests/s,Failures/s,50%,66%,75%,80%,90%,95%,98%,99%,99.9%,99.99%,100%
POST,/api/v1/generate,3555,3555,58,68.3588631074704,43.256612996628974,1962.3140990006505,88.97243319268635,11.891031840720268,11.891031840720268,58,63,68,71,86,100,140,230,960,2000,2000
GET,/api/v1/models,1169,1078,58,68.95527997951747,44.59524599951692,777.5044560039532,79.39520958083833,3.910159274768493,3.60577561864879,58,64,69,74,86,100,150,280,720,780,780
GET,/health,2403,0,57,68.1643179273239,41.87500300031388,911.3355509980465,156.0,8.037735446765346,0.0,57,62,67,71,85,100,170,330,760,910,910
,Aggregated,7127,4633,57,68.39109535884279,41.87500300031388,1962.3140990006505,110.0011224919321,23.838926562254105,15.496807459369059,57,63,68,72,86,100,150,280,790,2000,2000
