Type,Name,Request Count,Failure Count,Median Response Time,Average Response Time,Min Response Time,Max Response Time,Average Content Size,Requests/s,Failures/s,50%,66%,75%,80%,90%,95%,98%,99%,99.9%,99.99%,100%
POST,/api/v1/generate,3576,0,51,64.85658495131436,42.14082000544295,1505.6694130034884,95.0,11.961429508378842,0.0,51,56,60,62,67,72,150,500,1300,1500,1500
GET,/api/v1/models,1212,0,52,67.99266710716292,42.0982919895323,1553.5259850003058,92.0,4.054041544786117,0.0,52,57,61,63,68,79,320,610,1400,1600,1600
GET,/health,2361,0,53,65.61173619776913,41.707120995852165,1560.8499060035683,156.0,7.897353207293749,0.0,53,58,62,63,68,78,160,380,1300,1600,1600
,Aggregated,7149,0,52,65.63765134742125,41.707120995852165,1560.8499060035683,114.6370121695342,23.91282426045871,0.0,52,57,61,63,67,75,180,490,1300,1600,1600
